휴양림명,시도명,휴양림구분,휴양림면적,수용인원수,입장료,숙박가능여부,주요시설명,소재지도로명주소,관리기관명,휴양림전화번호,홈페이지주소,위도,경도,데이터기준일자,제공기관코드,제공기관명
광치자연휴양림,강원도,공유림,51,160,3000원,Y,"숲속의집, 휴양관, 숲속카페,무장애나눔길",강원도 양구군 남면 광치령로 1794번길 265,강원도 양구군청,033-482-3115,http://www.foresttrip.go.kr,38.14199686,128.0710755,2022-08-31,4320000,강원도 양구군
삼척활기자연휴양림,강원도,사유림,75625,175,0,Y,휴양관(송폭헌)+ 한옥(방우재)+ 한옥(세우재)+숲속의집(구희당)+숲속의집(삼락당),강원도 삼척시 미로면 준경길 651-43(지번활기리 403-1),삼척동해태백산림조합,033-574-0032,https://www.foresttrip.go.kr/indvz/main.do?hmpgId=ID02030104,37.38099374,129.0601226,2023-01-04,4240000,강원도 삼척시
강릉임해자연휴양림,강원도,공유림,1160000,105,비수기 평일[(6인실)70000원+(5인실)65000원+(4인실)50000원]+비수기 주말[(6인실)120000원+(5인실)110000원+(4인실)90000원]+성수기[(6인실)140000원+(5인실)130000원+(4인실)100000원],Y,숙박동(하늘동+구름동+바다동+숲속동)+숲속의집,강원도 강릉시 강동면 율곡로 1715-85,강릉관광개발공사,033-644-9483,https://www.foresttrip.go.kr/indvz/main.do?hmpgId=ID02030100,37.71856556,128.9985453,2023-03-15,4200000,강원도 강릉시
거제자연휴양림,경상남도,국유림,345377,600,일반1000원+청소년700원+군인700원+어린이500원+단체일반700원+단체청소년500원+단체군인500원+단체어린이300원,Y,숲속의집+휴양관+야영장+족구장+숲속수련장+목재문화체험장,경상남도 거제시 동부면 거제중앙로 325,경상남도 거제해양관광개발공사,055-639-8115,www.foresttrip.go.kr/indvz/main.do?hmpgId=ID02030059,34.7856966,128.625968,2023-11-06,B552833,거제해양관광개발공사
성수산자연휴양림,전북특별자치도,공유림,135,119,0,Y,자연휴양관,전북특별자치도 임실군 성수면 성수산길 374,전북특별자치도 임실군청,,,35.63771849,127.4078502,2024-01-25,4761000,전북특별자치도 임실군
함평자연생태공원,전라남도,국유림,561867,,"(성수기: 3~11월)성인5000원+청소년,군인4000원+어린이,노인2500원 (비수기: 12월~2월) 어른5000원+청소년,군인4000원+어린이,노인2000원",N,과학관+나비곤충표본전시관+식물관+캠핑트레일러+반달가슴곰관찰원,전라남도 함평군 대동면 학동로 1398-77,전라남도 함평군청 산림공원과,,https://www.hampyeong.go.kr/ecopark/,35.13500123,126.5056999542,2024-01-17,4960000,전라남도 함평군
거창 항노화 힐링랜드,경상남도,공유림,500000,2000,3000원(거창사랑상품권 2000원 환급),Y,출렁다리+산림휴양관+숲속의집+산림치유센터+자생식물원,경상남도 거창군 가조면 의상봉길 834,경상남도 거창군청,055-940-7930,http://healingland.foresttrip.go.kr/,35.73662049,128.0408983,2024-02-28,5470000,경상남도 거창군
금봉자연휴양림,경상북도,공유림,380,200,1000원,Y,"객실(산림휴양관, 숲속의 집, 아람동, 푸름동), 자생식물원 등",경상북도 의성군 옥산면 휴양림길 114,경상북도 의성군 시설관리사업소,054-833-0123,http://www.foresttrip.go.kr,36.3360183,128.8807891,2024-02-29,5150000,경상북도 의성군
문수산자연휴양림,경상북도,국유림,30000,500,일반 1000원+단체800원+청소년800원+청소년 단체 500원+어린이 500원+어린이 단체 300원,Y,산림휴양관+묵상의집+숲속의집+야영데크 등,경상북도 봉화군 봉성면 시거리길 378,경상북도 봉화군청 산림소득자원과,054-674-3700,https://www.foresttrip.go.kr/indvz/main.do?hmpgId=ID02030102,36.950851,128.834816,2024-02-29,5240000,경상북도 봉화군
영양에코둥지,경상북도,공유림,642784,250,무료,Y,산림문화휴양관+숲속의집+목재문화체험장,경상북도 영양군 일월면 재일로 2394-70,경상북도 영양군청,054-680-5050,https://www.foresttrip.go.kr/indvz/main.do?hmpgId=ID02030057,36.70182591,129.1124232,2024-02-23,5170000,경상북도 영양군
춘천숲자연휴양림,강원특별자치도,공유림,808043,100,0,Y,숲속의집+산림휴양관+글램핑장,강원특별자치도 춘천시 동산면 종자리로 224-104,강원특별자치도 춘천시청,033-264-1156,www.ccforest.or.kr,37.747732,127.742503,2024-02-14,4181000,강원특별자치도 춘천시
제암산자연휴양림,전라남도,공유림,1600000,3000,개인(일반1000원+단체800원+할인500원)+청소년·군인(일반600원+단체500원+할인300원)+어린이(일반400원+단체300원+할인200원),Y,숙박+야영장+물놀이장+더늠길+숲속교육관+족구장데크+모험시설+하이데크+잔디광장,전라남도 보성군 웅치면 대산길 330,전라남도 보성군청,061-852-4434,https://www.foresttrip.go.kr/indvz/main.do?hmpgId=ID02030090,34.70050454,126.9855053,2024-02-06,4890000,전라남도 보성군
용봉산자연휴양림,충청남도,공유림,1905504,3000,개인(일반 1000+청소년·군인 800+어린이 400)+단체(일반 800+청소년·군인 600+어린이 200),Y,산림휴양관+숲속의집+산림전시관,충청남도 홍성군 홍북읍 용봉산2길 87,충청남도 홍성군청 산림녹지과,041-630-1785,https://www.foresttrip.go.kr/indvz/main.do?hmpgId=ID02030080,36.64528712,126.6566318,2024-03-26,4600000,충청남도 홍성군
삼척활기자연휴양림,강원특별자치도,사유림,75625,175,0,Y,휴양관(송폭헌)+ 한옥(방우재)+ 한옥(세우재)+숲속의집(구희당)+숲속의집(삼락당),강원특별자치도 삼척시 미로면 준경길 651-43(지번활기리 403-1),삼척동해태백산림조합,033-574-0032,https://www.foresttrip.go.kr/indvz/main.do?hmpgId=ID02030104,37.38099374,129.0601226,2024-01-24,4241000,강원특별자치도 삼척시
순천자연휴양림,전라남도,사유림,90000,265,무료,Y,관리사무실(1동)+숙박시설(16동25실)+캐빈하우스(6동)+텐트(19면),전라남도 순천시 서면 청소년수련원길 170,전라남도 순천시청,061-749-8948,www.foresttrip.go.kr,35.04388083,127.4744949,2024-01-19,4820000,전라남도 순천시
한방자연휴양림,경상남도,공유림,1376062,102,무료,Y,숲속의집+숲속휴양관+세미나실,경상남도 산청군 금서면 동의보감로555번길 186,경상남도 산청군청,055-970-6951,https://www.foresttrip.go.kr/indvz/main.do?hmpgId=ID02030037,35.434035,127.823681,2024-01-12,5450000,경상남도 산청군
남해편백자연휴양림(남해),경상남도,국유림,1420000,900,개인 어른1000원+개인 청소년 600원+개인 어린이 300원+단체 어른800원+단체 군인청소년 500원+단체 어린이 200원+다자녀가정 면제+동절기 입장료면제(12월~3월),Y,숲속의집+휴양관,경상남도 남해군 삼동면 금암로 658,산림청,055-867-7881,https://www.foresttrip.go.kr/indvz/main.do?hmpgId=0192,34.75216391,128.0201321,2023-07-06,6480000,경상남도
지리산자연휴양림(함양),경상남도,국유림,2267840,800,개인 어른1000원+개인 청소년 600원+개인 어린이 300원+단체 어른800원+단체 군인청소년 500원+단체 어린이 200원+다자녀가정 면제+동절기 입장료면제(12월~3월),Y,숲속의집+휴양관,경상남도 함양군 마천면 음정길 152,산림청,055-963-8133,https://www.foresttrip.go.kr/indvz/main.do?hmpgId=0190,35.34644465,127.6430043,2023-07-06,6480000,경상남도
원동자연휴양림(양산),경상남도,사유림,747070,231,무료,Y,오토캠핑장,경상남도 양산시 원동면 늘밭로 64,개인,0507-1401-583,https://wondongforest.modoo.at/,35.39881801,128.9348445,2023-07-06,6480000,경상남도
덕원자연휴양림(하동),경상남도,사유림,1378675,100,무료,Y,숲속의집+휴양관,경상남도 하동군 옥종면 옥단로 1443-327,개인,055-884-0650,https://www.foresttrip.go.kr/indvz/main.do?hmpgId=ID04030008,35.22915471,127.8552761,2023-07-06,6480000,경상남도
중산자연휴양림(산청),경상남도,사유림,436668,66,무료,N,숲속의집+휴양관,경상남도 산청군 시천면 지리산대로 496-101,개인,055-974-2757,https://www.foresttrip.go.kr/indvz/main.do?hmpgId=ID04030006,35.2886177,127.7507425,2023-07-06,6480000,경상남도
좌구산자연휴양림,충청북도,공유림,730000,250,없음,Y,"숲속의 집+황토집+별무리하우스+병영하우스+줄타기+썰매장+숲속모험시설+좌구산숲명상의집,+명상구름다리+좌구산천문대 등",충청북도 증평군 증평읍 솟점말길 107,충청북도 증평군 휴양공원사업소,043-835-4551,https://jpjwagu.foresttrip.go.kr,36.70556821,127.6511216,2023-06-27,5570000,충청북도 증평군
산삼자연휴양림,경상남도,공유림,670000,200,숲속의집5인실(비수기90000원 성수기120000원)+휴양관5인실(비수기80000원 성수기100000원)+10인실(비수기120000원 성수기150000원),Y,산림문화휴양관+산삼관+숲속의집+관리사무실,경상남도 함양군 서상면 가르내길 202-1,경상남도 함양군청,055-964-9886,https://www.foresttrip.go.kr/indvz/main.do?hmpgId=ID02030048,35.69762431,127.6584311,2023-11-15,5460000,경상남도 함양군
대봉산자연휴양림,경상남도,공유림,950000,150,숲속의집5~6인실(비수기90000원 성수기120000원)+휴양관5인실(비수기80000원 성수기100000원),Y,산림문화휴양관+숲속의집+관리사무실+해피쿠킹장,경상남도 함양군 병곡면 병곡지곡로 333,경상남도 함양군청,055-964-1090,https://www.foresttrip.go.kr/indvz/main.do?hmpgId=ID02030046,35.57794141,127.7150294,2023-11-15,5460000,경상남도 함양군
진주 월아산 자연휴양림,경상남도,공유림,23294,170,무료,Y,숲속의집+산림휴양관+글램핑장+야영데크+잔디마당+우드랜드+산림레포츠시설,경상남도 진주시 진성면 달음산로 313,경상남도 진주시청,055-746-3673,https://www.foresttrip.go.kr/indvz/main.do?hmpgId=ID02030114,35.19991568,128.1941259,2023-11-16,5310000,경상남도 진주시
비슬산자연휴양림,대구광역시,공유림,1000000,285,없음,Y,숲속의집+통나무집+야영장+반딧불이전기차등,대구광역시 달성군 유가읍 일연선사길 99,대구광역시 달성군시설관리공단,053-659-4400,http://bisulsan.dssiseol.or.kr/bisulsan/html/main.html,35.69001083,128.5129017,2024-03-20,3480000,대구광역시 달성군
화원자연휴양림,대구광역시,공유림,720000,115,없음,Y,숲속의집+산림문화휴양관+산림욕장+전망데크등,대구광역시 달성군 화원읍 화원휴양림길 126,대구광역시 달성군시설관리공단,053-659-4455,http://hwawon.dssiseol.or.kr/hwawon/html/main.html,35.77179173,128.5367385,2024-03-20,3480000,대구광역시 달성군
비학산자연휴양림,경상북도,공유림,2280000,150,숙박 : 7만원 + 11만원+ 14만원,Y,산림휴양관+숲속의 집+테라스하우스+카라반+야외데크+생태숲 등,경상북도 포항시 북구 기북면 비학산길 302,경상북도 포항시청,054-252-3275,https://www.foresttrip.go.kr/indvz/main.do?hmpgId=ID02030052,36.14703337,129.2111071,2024-03-20,5020000,경상북도 포항시
거제자연휴양림,경상남도,공유림,325308,520,일반 1000,Y,숲속의집+산림문화휴양관,경상남도 거제시 동부면 거제중앙로 325,경상남도 거제시청,055-639-8115,https://www.foresttrip.go.kr/indvz/main.do?hmpgId=ID02030059,34.78569918,128.6259431,2024-03-14,5370000,경상남도 거제시
계명산자연휴양림,경상북도,공유림,2500000,177,일반1000원+단체800원(어른),Y,숲속의 집+편백나무방+산림휴양관+복합산림휴양관+산막+야영장 등,경상북도 안동시 길안면 고란길 207-99,경상북도 안동시청 공원녹지과,054-850-4700,https://www.foresttrip.go.kr/indvz/main.do?hmpgId=ID02030029,36.41012056,128.9465131,2024-03-18,5070000,경상북도 안동시
축령산자연휴양림,경기도,공유림,7790000,172,일반1000원+청소년 600원+어린이 300원,Y,숲속의집 7실+산림휴양관18실+축령관 1실+야영데크30개 등,경기도 남양주시 수동면 축령산로 299,경기도산림환경연구소,031-8008-6690,https://www.foresttrip.go.kr/indvz/main.do?hmpgId=ID02030050,37.75446247,127.3124618,2024-03-07,6410000,경기도
강씨봉자연휴양림,경기도,공유림,9800000,102,일반1000원+청소년 600원+어린이 300원,Y,숲속의집+산림휴양관 등,경기도 가평군 북면 논남기길 520,경기도산림환경연구소,031-8008-6611,https://www.foresttrip.go.kr/indvz/main.do?hmpgId=ID02030019,37.968694,127.409367,2024-03-07,6410000,경기도
와룡자연휴양림,전북특별자치도,공유림,576219,1200,무료,Y,삼림욕장+숙박시설+야영데크+야영장+산행코스+물썰매장+수영장+치유의숲,전북특별자치도 장수군 천천면 비룡로 632,전북특별자치도 장수군청 산림공원과,063-350-2477,https://www.foresttrip.go.kr/indvz/main.do?hmpgId=ID02030084,35.67621885,127.4772179,2024-02-27,4751000,전북특별자치도 장수군
방화동가족휴가촌,전북특별자치도,공유림,250000,700,무료,Y,오토캠핑장+야영장+모험놀이장+가족놀이장+체육광장,전북특별자치도 장수군 번암면 방화동로 778,전북특별자치도 장수군청 산림공원과,063-350-2474,https://www.foresttrip.go.kr/indvz/main.do?hmpgId=ID02030082,35.59064044,127.5268764,2024-02-27,4751000,전북특별자치도 장수군
방화동자연휴양림,전북특별자치도,공유림,1016000,200,무료,Y,숲속의집+산림문화휴양관+수련관,전북특별자치도 장수군 번암면 방화동로 778,전북특별자치도 장수군청 산림공원과,063-350-2474,https://www.foresttrip.go.kr/indvz/main.do?hmpgId=ID02030082,35.59064044,127.5268764,2024-02-27,4751000,전북특별자치도 장수군
흥부골자연휴양림,전북특별자치도,공유림,1004157,60,일반2000원+단체1500원,Y,숲속의집+야영장,전북특별자치도 남원시 인월면 구인원길 125,전북특별자치도 남원시청,063-636-4032,www.foresttrip.go.kr,35.450932,127.590258,2024-02-19,4701000,전북특별자치도 남원시
남원자연휴양림,전북특별자치도,사유림,314951,100,일반1000원+시설이용객(야영장ㆍ단체동 등) 입장료 면제,Y,야영장,전북특별자치도 남원시 보산로 228,전북특별자치도 남원시청,063-633-5333,www.foresttrip.go.kr,35.458117,127.415508,2024-02-19,4701000,전북특별자치도 남원시
세심자연휴양림,전북특별자치도,공유림,101.45,69,0,Y,숲속의집,전북특별자치도 임실군 삼계면 임삼로 485,전북특별자치도 임실군청,063-644-4611,https://site.onda.me/69138,35.514241,127.240066,2024-01-25,4761000,전북특별자치도 임실군
치악산자연휴양림,강원도,공유림,1700000,120,일반(개인 2000+청소년 및 군인 1500+어린이 1000)+단체(어른 1500+청소년 및 군인 1000+어린이 700),Y,숲속의집+주차장+산책로,강원도 원주시 판부면 휴양림길 66,강원도 원주시청 산림과,033-762-8288,https://foresttrip.go.kr/indvz/main.do?hmpgId=ID02030024,37.255878,128.031372,2023-02-06,4190000,강원도 원주시
숲체원,강원도,국유림,159710,300,별도 입장료 없음,Y,"탐방로, 숙박동, 강의실",강원도 횡성군 둔내면 청태산로 777,산림청,033-340-6300,https://hoengseong.fowi.or.kr/,37.53722046,128.2866886,2022-06-22,4260000,강원도 횡성군
청태산휴양림,강원도,국유림,159520,1500,일반 : 1000원+청소년 : 600원+어린이 : 300원,Y,"제1산림문화휴양관, 제2산림문화휴양관, 숲속의집, 숲속수련장(중형, 소형), 대형숲속수영장(회의실), 야영장, 인도네시아 전통 전시관, 숲생태체험실, BIY목공교실",강원도 횡성군 둔내면 청태산로 610,산림청,033-343-9707,https://www.foresttrip.go.kr/indvz/main.do?hmpgId=0106,37.52907993,128.2968658,2022-06-22,4260000,강원도 횡성군
태백고원자연휴양림,강원도,국유림,1404000,110,2000원,Y,"산림문화휴양관, 숲속의 집 , 야영장",강원도 태백시 머리골길153,태백시농업기술센터 산림축산과,033-550-2849,https://www.foresttrip.go.kr/indvz/main.do?hmpgId=ID02030022,37.12357654,129.0603832,2023-04-05,4220000,강원도 태백시
교래자연휴양림,제주특별자치도,공유림,230,1500,어른1000원+청소년600원+군인600원+단체어른800원+단체청소년500원+단체군인500원,Y,휴양림+숙박+공연장등,제주특별자치도 제주시 조천읍 남조로 2023,제주특별자치도청,064-783-7482,https://www.foresttrip.go.kr/indvz/main.do?hmpgId=ID02030056,33.45136376,126.6567109,2023-07-06,6510000,제주특별자치도 제주시
태학산자연휴양림,충청남도,공유림,1055598,1000,없음,N,숲속의집+잔디광장+숲속공연장 등,충청남도 천안시 동남구 풍세면 휴양림길 127,충청남도 천안시청,041-529-5108,http://www.cfmc.or.kr/_taehaksan/,36.72734819,127.0903273,2023-06-30,4490000,충청남도 천안시
성불산자연휴양림,충청북도,공유림,58,242,입장료 개인(어린이 1000원+청소년 1500원+군인 1500원+일반 2000원)+입장료 단체(30명 이상)(어린이 500원+청소년 1000원+군인 1000원+일반 1500원)+주차료(경형 1500원+중소형 3000원+대형 5000원+숙박시설 사용자 무료),Y,숲속의집A+숲속의집B+산림문화휴양관+숲관광메가시티+생태숲학습관+한옥체험관+생태공원+미선향테마파크무인카페+수석전시관 등,충청북도 괴산군 괴산읍 충민로기곡길 78,충청북도 괴산군청 산림녹지과,043-830-2679,https://www.foresttrip.go.kr/indvz/main.do?hmpgId=ID02030070,36.80804701,127.8467688,2023-07-10,4460000,충청북도 괴산군
천보산자연휴양림,경기도,공유림,1165686,80,일반 2000원+단체 1400원,Y,숲속의집+휴양관+야영장 등,경기도 포천시 원동교길 309,경기도 포천시청,031-538-3554,,37.85576406,127.1190897,2023-07-07,5600000,경기도 포천시
국망봉자연휴양림,경기도,사유림,2554814,60,관람객 5000원+등산객2000원,Y,통나무 집+캠핑장 등,경기도 포천시 이동면 늠바위길 207-28,김봉일,031-532-0014,www.kookmang.co.kr,38.02891868,127.3962681,2023-07-07,5600000,경기도 포천시
변산자연휴양림,전라북도,국유림,311000,250,숙박비 52000원+154000원,Y,숲속의집+휴양관+체험교실+물놀이장(현재 미운영),전라북도 부안군 변산면 변산로 3768,국립자연휴양림관리소,063-581-9977,https://www.foresttrip.go.kr/indvz/main.do?hmpgId=0189,35.58287781,126.523728,2023-08-24,4790000,전라북도 부안군
청송자연휴양림,경상북도,공유림,2047212,160,개인(어른1000+청소년600+어린이300)+단체(어른800+청소년500+어린이200),Y,숲속의집+연수의집,경상북도 청송군 부남면 청송로 3478-96,경상북도 청송군청,054-872-3163,http://csong.foresttrip.go.kr/,36.3179023,129.0537598,2023-10-30,5160000,경상북도 청송군
송이밸리자연휴양림,강원특별자치도,공유림,43.66,100,없음,Y,송이밸리자연휴양림,강원특별자치도 양양군 양양읍 고노동길 98-50,강원특별자치도 양양군청,033-670-2644,https://www.foresttrip.go.kr/indvz/main.do?hmpgId=ID02030049,38.05400667,128.6214924,2023-10-30,4351000,강원특별자치도 양양군
자굴산 자연휴양림,경상남도,공유림,38336,200,숲속의 집 (노각동 130000원+벌집동 150000원+단체동 250000원)+카라반 120000원+야영장 17000원+어린이물놀이장 5000원+주차장 2000원,Y,노각센터+숲속의 집+숲놀이터+물놀이터+야영장+카라반+숲속공연장+산림욕장+네트어드벤처+도깨비황금동굴,경상남도 의령군 가례면 자굴산휴양로 23,경상남도 의령군청,055-572-0030,https://www.foresttrip.go.kr/indvz/main.do?hmpgId=ID02030113,35.377313,128.208971,2023-10-18,5390000,경상남도 의령군
유치자연휴양림,전라남도,공유림,53.7,2000,비수기(1000원)+성수기(2000원),Y,숲속의집+야영데크+물놀이장,전라남도 장흥군 유치면 휴양림길 154,전라남도 장흥군청,061-863-6350,www.jangheung.go.kr/yuchi,34.76806521,126.8323492,2023-10-17,4910000,전라남도 장흥군
입화산 자연휴양림,울산광역시,공유림,380291,132,(감면 미적용 금액)(비수기)오토캠핑 평일 25000원+(비수기)오토캠핑 주말.공휴일 30000원+(비수기)카라반 평일 150000원+(비수기)카라반 주말.공휴일 170000원+(성수기)오토캠핑 30000원+(성수기)카라반 200000원,Y,오토캠핑장+이동식주택(카라반)+산림욕장+숲속도서관+네이처스포츠+모노레일,울산광역시 중구 길촌길 333,울산광역시 중구,052-290-4418,https://camping.junggu.ulsan.kr/camping/index.do,35.578739,129.279479,2023-10-14,3690000,울산광역시 중구
용추자연휴양림,경상남도,공유림,1590000,400,숲속의집2인실(비수기35000원 성수기50000원)+6인실(비수기90000원 성수기120000원)+12인실(비수기140000원 성수기200000원)+휴양관6인실(비수기90000원 성수기120000원)+수련관4인실(비수기50000원 성수기80000원)+8인실(비수기120000원 성수기170000원),Y,산림문화휴양관+숲속의집+취사장+화장실+샤워장+야영장+관리사무실,경상남도 함양군 안의면 용추휴양림길 166,경상남도 함양군청,055-963-8702,https://www.foresttrip.go.kr/indvz/main.do?hmpgId=ID02030047,35.6961266,127.7578596,2023-11-15,5460000,경상남도 함양군
회문산자연휴양림,전라북도,국유림,2890000,300,어른 1000원 청소년 600원 어린이 300원,Y,숲속의 집+산림문화 휴양관+야영시설,전라북도 순창군 구림면 안심길 295,국립자연휴양림관리소,063-653-4779,https://www.foresttrip.go.kr/indvz/main.do?hmpgId=0188,35.50195867,127.1148251,2022-06-15,4770000,전라북도 순창군
용궐산자연휴양림,전라북도,공유림,1630000,100,무료,N,산림휴양관+하늘길+야영장,전라북도 순창군 동계면 장군목길 538-19,순창군청,063-653-4779,,35.46166861,127.2048302,2022-06-15,4770000,전라북도 순창군
주천강자연휴양림,강원도,사유림,2296100,400,숙박시설 이용객만 입장 가능(별도입장료 : 없음),Y,"숲속마을, 산골마을, 강변마을, 숲속학교, 황토별장",강원도 횡성군 둔내면 강변로 영랑6길 115,사유휴양림(대표 : 김문기),033-345-7575,http://jucheon.com/,37.4606019,128.2034233,2022-06-22,4260000,강원도 횡성군
흥부골자연휴양림,전라북도,공유림,1004157,60,일반2000원+단체1500원,Y,숲속의집+야영장,전라북도 남원시 인월면 구인원길 125,전라북도 남원시청,063-636-4032,www.foresttrip.go.kr,35.450932,127.590258,2023-05-31,4700000,전라북도 남원시
남원자연휴양림,전라북도,사유림,314951,100,일반1000원+시설이용객(야영장ㆍ단체동 등) 입장료 면제,Y,야영장,전라북도 남원시 보산로 228,전라북도 남원시청,063-633-5333,www.foresttrip.go.kr,35.458117,127.415508,2023-05-31,4700000,전라북도 남원시
데미샘자연휴양림,전라북도,공유림,200,107,무료,Y,휴양관+숲속의집+숲문화마당+명상의숲 등,전라북도 진안군 백운면 데미샘 1길 172,전라북도 산림환경연구소,063-290-6993,https://www.foresttrip.go.kr/indvz/main.do?hmpgId=ID02030074,35.6569938,127.4610402,2023-06-09,4730000,전라북도 진안군
운장산자연휴양림,전라북도,국유림,1958,600,일반인(개인 1000+단체 800)+청소년(개인 600+단체 500)+어린이(개인 300+단체 200),Y,숲속의집+연립동+산림문화휴양관+숲속수련관,전라북도 진안군 정천면 휴양림길 77,무주국유림관리소,063-432-1193,https://www.foresttrip.go.kr/indvz/main.do?hmpgId=0194,35.89924607,127.4211096,2023-06-09,4730000,전라북도 진안군
송이밸리자연휴양림,강원도,공유림,43.66,100,없음,Y,송이밸리자연휴양림,강원도 양양군 양양읍 고노동길 98-50,강원도 양양군청,033-670-2644,https://www.foresttrip.go.kr/indvz/main.do?hmpgId=ID02030049,38.05400667,128.6214924,2023-06-12,4350000,강원도 양양군
반딧불 자연휴양림,전북특별자치도,공유림,31110,300,무료,Y,통나무집+목교+평상+평의자,전북특별자치도 무주군 설천면 무설로 1324,전북특별자치도 무주군청 시설사업소,063-320-5666,https://tour.muju.go.kr/bandiland/contents.do?key=399,36.01249047,127.7611881,2024-01-24,4741000,전북특별자치도 무주군
향로산 자연휴양림,전북특별자치도,공유림,64000,,무료,Y,숲속나무집+은하빛휴양관+초록빛휴양관+숲속동굴집+숲속거울집+야영장+모노레일,전북특별자치도 무주군 무주읍 무학로153-36,전북특별자치도 무주군청 산림녹지과,063-320-6884,https://foresttrip.go.kr,36.0241407531,127.6698804907,2024-01-24,4741000,전북특별자치도 무주군
구재봉자연휴양림,경상남도,공유림,1140,213,일반1000원+단체800원+장애인무료청소년600원+단체500원+장애인무료어린이300원+단체200원+장애인무료,Y,휴양관+숲속의집+트리하우스+야영데크+트리하우스(야영장),경상남도 하동군 적량면 중서길 60-81,경상남도 하동군청,070-8855-8011,https://www.foresttrip.go.kr/indvz/main.do?hmpgId=ID02030072,35.12895794,127.7440937,2023-12-07,5440000,경상남도 하동군
하동편백자연휴양림,경상남도,공유림,503,122,일반1000원+단체800원+장애인무료청소년600원+단체500원+장애인무료어린이300원+단체200원+장애인무료,Y,숲속의집+글램핑장+트리하우스(야영장),경상남도 하동군 옥종면 돌고지로 1088-51,경상남도 하동군청,070-8994-0717,https://www.foresttrip.go.kr/indvz/main.do?hmpgId=ID02030103,35.1858764,127.8484386,2023-12-07,5440000,경상남도 하동군
고산자연휴양림,전라북도,공유림,6920000,3000,일반2000+단체1500,Y,숲속의집+돔하우스+가족휴양관+웰빙휴양관+산림휴양관,전라북도 완주군 고산면 고산휴양림로 246,전라북도 완주군청 산림녹지과,063-263-8680,https://www.foresttrip.go.kr/indvz/main.do?hmpgId=ID02030025,35.96224205,127.2328719,2023-12-26,4721000,전북특별자치도 완주군
국립신시도자연휴양림,전라북도,국유림,120000,932,입장료1000+주차료3000+숙박비73000,Y,방문자안내센터+커뮤니티센터+휴양관 2동(28실)+숲속의집 28동(28실)+해안탐방로+달맞이 화원+태양전망대+원형전망대,전라북도 군산시 옥도면 신시도길 271,국립자연휴양림관리소,063-464-5580,https://foresttrip.go.kr/indvz/main.do?hmpgId=0301,35.82815579,126.4468419,2023-12-12,4671000,전북특별자치도 군산시
백운산자연휴양림,전라남도,공유림,375325,395,0,Y,숙박동+목재문화체험장+황토길+산책로+야영장+운동장,전라남도 광양시 옥룡면 백계로 337,전라남도 광양시,061-797-2655,bwmt.gwangyang.go.kr,35.05164287,127.5985311,2024-01-10,4840000,전라남도 광양시
양촌자연휴양림,충청남도,공유림,405274,205,(일반)1000원+(단체)800원,Y,글램핑장(8동)+숲속의집(17동)+휴양관(7실),충청남도 논산시 양촌면 매죽헌로1723번길 176-23,충청남도 논산시청,041-746-6481,https://www.foresttrip.go.kr/indvz/main.do?hmpgId=ID02030034,36.15726044,127.2464846,2023-12-19,4540000,충청남도 논산시
칠갑산자연휴양림,충청남도,공유림,73000,500,개인 일반 1000원 +개인 청소년·군인 800원+개인 어린이 500원+단체 일반 800원+단체 청소년·군인 600원+단체 어린이 300원 + 청양 부여 공주 군(시)민 무료,Y,숲속의 집+산림문화 휴양관+원두막+기타시설 등,충청남도 청양군 대치면 칠갑산로 668-103,충청남도 청양군공공시설사업소,041-940-2429,https://www.foresttrip.go.kr/indvz/main.do?hmpgId=ID02030044,36.431589,126.8438227,2023-12-18,4590000,충청남도 청양군
서운산자연휴양림,경기도,공유림,833571,210,무료,Y,숲속의집+오토캠핑장+야영장+카라반,경기도 안성시 금광면 배티로 185-39,경기도 안성시청,031-678-2913,https://www.anseong.go.kr/tourPortal/anseongforest/main.do,36.94238317,127.313722,2024-02-22,4080000,경기도 안성시
평창자연휴양림,강원도,공유림,540000,80,일반2000원+단체1500원,Y,숙박동+세미나실+운동장+산책로,강원도 평창군 봉평면 팔송로 285,강원도 평창군청 산림과,033-339-9028,https://www.foresttrip.go.kr/indvz/main.do?hmpgId=ID02030003,37.609548,128.303521,2022-09-22,4280000,강원도 평창군
동강전망자연휴양림,강원도,공유림,448000,268,없음,N,오토캠핑장,강원도 정선군 신동읍 동강로 916-212,정선군시설관리공단,070-4225-2336,https://www.jsimc.or.kr,37.25962318,128.6079002,2023-03-16,4290000,강원도 정선군
팔공산금화자연휴양림,경상북도,공유림,31,216,0원,Y,"숲속의집, 카라반, 교육관, 휴양관, 야영데크",경상북도 칠곡군 가산면 가산로 323,경상북도 문화관광공사,054-971-1551,http://palgong.gb.go.kr,36.05171899,128.5553512,2023-11-30,6470000,경상북도
안동호반자연휴양림,경상북도,공유림,52,258,0원,Y,"호반하우스,산림휴양관,숲속의집,전통가옥",경상북도 안동시 도산면 월천길 100-7,경상북도 문화관광공사,054-855-3371,http://huyang.gb.go.kr,36.70343807,128.8288547,2023-11-30,6470000,경상북도
토함산자연휴양림,경상북도,공유림,1211344,330,X,Y,숲속의집+화랑관(어린이물놀이장)+야영장+국학관(세미나실) 등,경상북도 경주시 문무대왕면 불국로 1208-45,경상북도 경주시청,054-750-8700,https://www.foresttrip.go.kr/indvz/main.do?hmpgId=ID02030027,35.76176465,129.3649053,2023-11-28,5050000,경상북도 경주시
성주산자연휴양림,충청남도,공유림,456,2000,성인1000원+청소년800원+군인800원+어린이400원,Y,성주산자연휴양림,충청남도 보령시 성주면 화장골길 57-228,충청남도 보령시 산림공원과,041-934-7133,https://www.foresttrip.go.kr/indvz/main.do?hmpgId=ID02030078,36.33256882,126.6639659,2023-11-30,4510000,충청남도 보령시
박달재자연휴양림,충청북도,공유림,1700000,2000,무,Y,숲속의집+산책로,충청북도 제천시 백운면 금봉로 228,충청북도 제천시청,043-652-0910,https://www.foresttrip.go.kr/indvz/main.do?hmpgId=ID02030062,37.14706386,128.0457749,2023-11-30,4400000,충청북도 제천시
옥전자연휴양림,충청북도,공유림,1090000,1000,무,Y,숲속의집,충청북도 제천시 봉양읍 옥전길 195,충청북도 제천시청,043-641-6893,https://www.foresttrip.go.kr/indvz/main.do?hmpgId=ID02030110,37.17540371,128.0899438,2023-11-30,4400000,충청북도 제천시
용문산자연휴양림,경기도,공유림,870852,300,무료,Y,행복마루+솔마루+하늘마루+산림휴양관+숲속의집+생태행복관+야영데크 등,경기도 양평군 양평읍 약수사길 78-14,경기도 양평군청,031-775-4005,http://www.foresttrip.go.kr/indvz/main.do?hmpgId=ID02030087,37.516048,127.519421,2023-11-30,4170000,경기도 양평군
양평쉬자파크,경기도,공유림,330834,538,하절기 일반 2000원+동절기 1000원+군민 무료 등 면제 조건 별도,Y,치유의 숲+치유의 집+초가원+산림교육센터+치유센터+공원관리소+유아숲체험원+카페 등,경기도 양평군 양평읍 쉬자파크길 193,경기도 양평군청,031-770-1009,https://www.yp21.go.kr/swijapark/index.do,37.511222,127.533196,2023-11-30,4170000,경기도 양평군
설매재자연휴양림,경기도,사유림,349568,288,유료: 성인 3000원+청소년·군인 2000원+양평군민 1500원+어르신·어린이 1500원,Y,숲속의집+산림휴양관+이벤트홀+데크야영 등,경기도 양평군 옥천면 용천로 510,개인(현철호),031-772-5955,https://www.foresttrip.go.kr/indvz/main.do?hmpgId=ID04030004,37.556802,127.509356,2023-11-30,4170000,경기도 양평군
만수산자연휴양림,충청남도,공유림,1300000,150,일반1200+청소년900+군인900+어린이600,Y,숲속의집,충청남도 부여군 외산면 휴양로 107,부여군시설관리공단,041-832-6561,https://www.foresttrip.go.kr/indvz/main.do?hmpgId=ID02030007,36.33854208,126.7119325,2023-11-27,4570000,충청남도 부여군
용인자연휴양림,경기도,공유림,1801693,1800,개인성인2000원+개인청소년/군인/국가보훈대상자/다자녀가정1000원+개인어린이500원+단체성인1600원+단체청소년/군인/국가보훈대상자/다자녀가정800원+단체어린이400원,Y,숲속의집+숲속체험관+목조주택+생태습지+야영장+잔디광장+짚라인+목재문화체험관 등,경기도 용인시 처인구 모현면 초부로 220,경기도 용인시청,031-336-0040,https://yonginforest.foresttrip.go.kr/,37.314713,127.265315,2023-11-28,4050000,경기도 용인시
옥화자연휴양림,충청북도,공유림,862790,373,어른(개인 1000원+단체 500원)+청소년(개인 500원+단체 300원)+어린이(개인 300원+단체 200원)+군인(개인 500원+단체 300원)+지역주민(개인 500원+단체 300원),Y,숲속의집+산림휴양관+국민여가오토캠핑장+물놀이장 등,충청북도 청주시 상당구 미원면 운암옥화길 140,청주시 푸른도시사업본부,043-270-7384,https://www.foresttrip.go.kr/indvz/main.do?hmpgId=ID02030054,36.59895012,127.6943716,2023-11-24,5710000,충청북도 청주시
유명산자연휴양림,경기도,국유림,79338,722,어른1000원+단체800원+다자녀면제,Y,향료식물원+암석원+자연학습원+우리꽃 길+습지식물원+잔디광장,경기도 가평군 설악면 유명산길 79-53,산림청,031-589-5487,https://www.foresttrip.go.kr/indvz/main.do?hmpgId=0101,37.592936,127.491063,2023-11-22,4160000,경기도 가평군
칼봉산자연휴양림,경기도,국유림,2640000,160,무료,Y,숲속의집+산림휴양관+생태숲+생태체험학습장+야영장,경기도 가평군 가평읍 경반안로 454,경기도 가평군 시설관리공단,031-8078-8062,https://www.foresttrip.go.kr/indvz/main.do?hmpgId=ID02030099,37.836519,127.465159,2023-11-22,4160000,경기도 가평군
청평자연휴양림,경기도,사유림,661157,70,일반5000원+어린이4000원+경로4000원+장애인4000원+가평군민4000원,Y,산림휴양관+야외광장+피크닉장+수영장+소강당,경기도 가평군 청평면 북한강로2246번길 8-6,경기도 가평군,031-584-0528,https://www.foresttrip.go.kr/indvz/main.do?hmpgId=ID04030007,37.711801,127.407240,2023-11-22,4160000,경기도 가평군
운문산자연휴양림,경상북도,국유림,170000,1000,무료,Y,숲속의집+산림문화휴양관+숲속수련장+야영시설,경상북도 청도군 운문면 운문로 763,국립자연휴양림관리소,054-373-1327,https://www.foresttrip.go.kr/indvz/main.do?hmpgId=0195,35.64834675,129.026208,2023-11-17,5190000,경상북도 청도군
청도자연휴양림,경상북도,공유림,24421,324,무료,Y,숲속의집+산림문화휴양관+야영시설,경상북도 청도군 각북면 비슬산길 111-25,경상북도 청도군청,054-371-9200,https://www.foresttrip.go.kr/indvz/main.do?hmpgId=ID02030116,35.7093183,128.5497232,2023-11-17,5190000,경상북도 청도군
회문산자연휴양림,전라북도,국유림,2890000,300,어른 1000원 청소년 600원 어린이 300원,Y,숲속의 집+산림문화 휴양관+야영시설,전라북도 순창군 구림면 안심길 295,국립자연휴양림관리소,063-653-4779,https://www.foresttrip.go.kr/indvz/main.do?hmpgId=0188,35.50195867,127.1148251,2022-06-15,4771000,전북특별자치도 순창군
용궐산자연휴양림,전라북도,공유림,1630000,100,무료,N,산림휴양관+하늘길+야영장,전라북도 순창군 동계면 장군목길 538-19,순창군청,063-653-4779,,35.46166861,127.2048302,2022-06-15,4771000,전북특별자치도 순창군
동강전망자연휴양림,강원특별자치도,공유림,448000,268,무료,N,오토캠핑장,강원특별자치도 정선군 신동읍 동강로 916-212,정선군시설관리공단,070-4225-2336,https://www.jsimc.or.kr,37.25962318,128.6079002,2024-03-12,4291000,강원특별자치도 정선군
오도산 자연휴양림,경상남도,공유림,2700000,1000,1000,Y,숲속의집+청소년수련관+야영데크+취사장+관리사무소+사방댐 등,경상남도 합천군 봉산면 오도산휴양로 345,경상남도 합천군청,055-930-3742,https://www.foresttrip.go.kr/indvz/main.do?hmpgId=ID02030068,35.66904355,128.0538747,2024-03-25,5480000,경상남도 합천군
주작산자연휴양림,전라남도,공유림,1690000,138,0,Y,휴양관+숲속의집+세미나실 등,전라남도 강진군 신전면 주작산길 262,전라남도 강진군,061-430-3306,https://foresttrip.go.kr/indvz/main.do?hmpgId=ID02030060,34.5172932,126.6989685,2023-07-21,4920000,전라남도 강진군
충북알프스자연휴양림,충청북도,공유림,902000,287,무료,Y,숲속의집+세미나실+목공예체험장 등,충청북도 보은군 산외면 속리산로 1880,속리산휴양사업소,043-540-3712,https://alpshuyang.foresttrip.go.kr/,36.57316547,127.7858442,2023-07-19,4420000,충청북도 보은군
속리산 숲체험휴양마을,충청북도,공유림,1100000,350,무료,Y,한옥마을+황토마을+통나무마을 등,충청북도 보은군 속리산면 속리산로 596,속리산휴양사업소,043-540-3220,https://www.foresttrip.go.kr/indvz/main.do?hmpgId=ID02030035,36.49245442,127.792472,2023-07-19,4420000,충청북도 보은군
장령산자연휴양림,충청북도,공유림,2000000,2500,없음,Y,숲속의집+산림문화휴양관+야영장+야외물놀이장 등,충청북도 옥천군 군서면 장령산로 519,충청북도 옥천군청,043-730-3491,https://www.foresttrip.go.kr/indvz/main.do?hmpgId=ID02030036,36.24486737,127.5547497,2023-06-27,4430000,충청북도 옥천군
국립용지봉자연휴양림,경상남도,국유림,580000,,무료,Y,숲속의집+안내센터,경상남도 김해시 대청계곡길 170-36,산림청,,,35.18905366,128.7741351,2023-07-06,5350000,경상남도 김해시
불정자연휴양림,경상북도,공유림,275,200,어른 1000원+청소년ㆍ군인 800원 +어린이 500원,Y,숲속의집+카라반+야영장+물놀이장+야영데크,경상북도 문경시 불정길 180,문경관광진흥공단,054-553-9443,http://www.mgtpcr.or.kr,36.62128207,128.1365074,2023-07-13,5120000,경상북도 문경시
대야산자연휴양림,경상북도,국유림,820,500,어른 1000원+청소년 600원+어린이 300원,Y,산림문화휴양관+연립동+야영시설,경상북도 문경시 가은읍 용추길 31-35,국립자연휴양림관리소,054-571-7181,https://www.foresttrip.go.kr/indvz/main.do?hmpgId=0245,36.67090364,127.9619774,2023-07-13,5120000,경상북도 문경시
소선암자연휴양림,충청북도,공유림,633137,500,무료,Y,통나무집+숲속의집+산림문화휴양관+산림복합휴양관+백두대간 문화휴양관,충청북도 단양군 단성면 대잠2길15,충청북도 단양군청,043-422-7839,https://www.foresttrip.go.kr/indvz/main.do?hmpgId=ID02030009,36.91922142,128.3123127,2023-07-11,4480000,충청북도 단양군
소백산자연휴양림,충청북도,공유림,1899046,500,"성인3000원+청소년,군인2000원+어린이1000원+단체(20인이상)어른1500원+단체(20인이상)청소년,군인1000원+단체(20인이상)어린이500원",Y,숲속의집+산림문화휴양관+정감록명당체험마을+화전민촌,충청북도 단양군 영춘면 하리방터길 180,충청북도 단양군청,043-423-3117,https://www.foresttrip.go.kr/indvz/main.do?hmpgId=ID02030009,37.06069296,128.4673084,2023-07-11,4480000,충청북도 단양군
군위장곡자연휴양림,대구광역시,공유림,2618706,300,일반어른1000원+일반청소년700원+일반군인700원+일반어린이500원+단체어른700원+단체청소년500원+단체군인500원+단체어린이500원,Y,숲속의 집+종합산막+산림문화휴양관+산림생태체험학습관+자생식물원+물놀이장,대구광역시 군위군 삼국유사면 장곡휴양림길 195,대구광역시 군위군청,054-380-6317,https://www.foresttrip.go.kr/indvz/main.do?hmpgId=ID02030064,36.129815,128.835924,2023-07-13,5141000,대구광역시 군위군
독용산성 자연휴양림,경상북도,공유림,1467000,96,입장료 무료,Y,숲속휴양관+휴양관+숲속의집+관리사무소+야외화장실 등,경상북도 성주군 금수면 사더래길 144,경상북도 성주군청 산림과,054-930-8401,www.dokyonf.foresttrip.go.kr,35.90636795,128.1344115,2023-07-06,5210000,경상북도 성주군
가리산자연휴양림,강원특별자치도,공유림,3050000,234,개인2000원+청소년1500원+어린이1000원+군인면제,Y,산림문화휴양관+숲속의집+야영데크,강원특별자치도 홍천군 두촌면 가리산길 426,강원특별자치도 홍천군청,033-435-6034,https://www.foresttrip.go.kr/indvz/main.do?hmpgId=ID02030002,37.8656358,127.9811498,2023-10-05,4251000,강원특별자치도 홍천군
문성자연휴양림,충청북도,공유림,560000,145,무료,Y,숲속의집+단체숙소,충청북도 충주시 노은면 우성1길 191,충주시시설관리공단,043-870-7910,https://www.foresttrip.go.kr/indvz/main.do?hmpgId=ID02030055,37.02832486,127.7525206,2023-09-30,4390000,충청북도 충주시
봉황자연휴양림,충청북도,공유림,1740000,200,무료,Y,숲속의집+단체숙소,충청북도 충주시 중앙탑면 수룡봉황길540,충주시시설관리공단,043-870-7920,https://www.cjfmc.or.kr/bhf/index.do,37.05652102,127.8297473,2023-09-30,4390000,충청북도 충주시
계명산자연휴양림,충청북도,공유림,3630000,149,무료,Y,숲속의집+단체숙소,충청북도 충주시 충주호수로 1170,충주시시설관리공단,043-840-7930,https://www.foresttrip.go.kr/indvz/main.do?hmpgId=ID02030042,36.9793629,127.9950872,2023-09-30,4390000,충청북도 충주시
옥성자연휴양림,경상북도,공유림,1531821,1900,무료,Y,"숲속의집, 야영데크장, 등산로, 산책로, 교육시설, 위생시설",경상북도 구미시 옥성면 휴양림길 150,구미시설공단,054-480-2080,www.foresttrip.go.kr/,36.27907203,128.2844292,2023-10-06,5080000,경상북도 구미시
대운산자연휴양림,경상남도,공유림,2137479,200,무료,Y,"숲속의집, 산림휴양관, 야영데크 등",경상남도 양산시 탑골길 270,양산시시설관리공단,055-379-8670,https://www.foresttrip.go.kr/indvz/main.do?hmpgId=ID02030038,35.4178546195,129.2088997535,2023-10-04,5380000,경상남도 양산시
강릉임해자연휴양림,강원특별자치도,공유림,1160000,105,비수기 평일[(6인실)70000원+(5인실)65000원+(4인실)50000원]+비수기 주말[(6인실)120000원+(5인실)110000원+(4인실)90000원]+성수기[(6인실)140000원+(5인실)130000원+(4인실)100000원],Y,숙박동(하늘동+구름동+바다동+숲속동)+숲속의집,강원도 강릉시 강동면 율곡로 1715-85,강릉관광개발공사,033-644-9483,https://www.foresttrip.go.kr/indvz/main.do?hmpgId=ID02030100,37.71856556,128.9985453,2023-09-15,4201000,강원특별자치도 강릉시
하추자연휴양림,강원도,공유림,880000,138,"객실(비수기 50000원, 성수기 70000원) / 데크(비수기 20000원, 성수기 30000원) / 입장료 : 무료",Y,숲속의집+야영장+휴양관,강원도 인제군 인제읍 하추로686,강원도 인제군 산림자원과,033-461-0056,https://www.foresttrip.go.kr/indvz/main.do?hmpgId=ID02030018,38.03469483,128.3193078,2023-05-18,4330000,강원도 인제군
가리산자연휴양림,강원도,공유림,3050000,234,개인2000원+청소년1500원+어린이1000원+군인면제,Y,산림문화휴양관+숲속의집+야영데크,강원도 홍천군 두촌면 가리산길 426,강원도 홍천군청,033-435-6034,https://www.foresttrip.go.kr/indvz/main.do?hmpgId=ID02030002,37.8656358003,127.9811498126,2023-05-15,4250000,강원도 홍천군
화왕산자연휴양림(창녕),경상남도,공유림,673300,146,무료,Y,숲속의집+휴양관,경상남도 창녕군 고암면 청간길 128-126,경상남도 창녕군청,055-533-2332,https://www.foresttrip.go.kr/indvz/main.do?hmpgId=ID02030015,35.54693079,128.5673145,2023-07-06,6480000,경상남도
구재봉자연휴양림(하동),경상남도,공유림,433135,500,개인 어른1000원+개인 청소년 600원+개인 어린이 300원+단체 어른800원+단체 청소년 500원+단체 어린이 200원+동절기(12월~2월)입장료면제,Y,숲속의집+휴양관,경상남도 하동군 적량면 중서길 60-81,경상남도 하동군청,070-8855-8011,https://www.foresttrip.go.kr/indvz/main.do?hmpgId=ID02030072,35.12895794,127.7440937,2023-07-06,6480000,경상남도
하동편백자연휴양림,경상남도,공유림,307950,600,"개인 어른1000원+개인 청소년 600원+개인 어린이 300원+단체 어른800원+단체 청소년 500원+단체 어린이 200원+경로,장애인국가유공제 무료(신분증제시자)",Y,숲속의집+휴양관,경상남도 하동군 옥종면 돌고지로 1088-51,경상남도 하동군청,070-8994-0717,https://www.foresttrip.go.kr/indvz/main.do?hmpgId=ID02030103,35.18703884,127.8398597,2023-07-06,6480000,경상남도
한방자연휴양림(산청),경상남도,공유림,1376062,272,무료,Y,숲속의집+휴양관,경상남도 산청군 금서면 동의보감로 555번길 186,경상남도 산청군청,055-970-6951,https://www.foresttrip.go.kr/indvz/main.do?hmpgId=ID02030037,35.43403584,127.8236808,2023-07-06,6480000,경상남도
용추자연휴양림(함양),경상남도,공유림,1590000,390,무료,Y,숲속의집+휴양관,경상남도 함양군 안의면 용추휴양림길 166,경상남도 함양군청,055-963-8702,https://www.foresttrip.go.kr/indvz/main.do?hmpgId=ID02030047,35.69613134,127.7578619,2023-07-06,6480000,경상남도
대봉산자연휴양림(함양),경상남도,공유림,959054,150,무료,Y,숲속의집+휴양관,경상남도 함양군 병곡면 병곡지곡로 333,경상남도 함양군청,055-964-1090,https://www.foresttrip.go.kr/indvz/main.do?hmpgId=ID02030046,35.57794015,127.7150289,2023-07-06,6480000,경상남도
산삼자연휴양림(함양),경상남도,공유림,670000,200,무료,Y,숲속의집+휴양관,경상남도 함양군 서상면 가르내길 202-1,경상남도 함양군청,055-964-9886,https://www.foresttrip.go.kr/indvz/main.do?hmpgId=ID02030048,35.69762459,127.6584297,2023-07-06,6480000,경상남도
금원산자연휴양림(거창),경상남도,공유림,1300000,685,개인 어른1000원+개인 군인청소년 600원+개인 어린이 300원+단체 어른800원+단체 군인청소년 500원+단체 어린이 200원+가족 어른500원+가족 군인청소년 300원+가족 어린이 150원,Y,숲속의집+휴양관,경상남도 거창군 위천면 금원산길 471-27,경상남도청,055-254-3971,https://www.foresttrip.go.kr/indvz/main.do?hmpgId=ID02030077,35.72617571,127.795727,2023-07-06,6480000,경상남도
항노화자연휴양림(항노화힐링랜드),경상남도,공유림,479276,100,일반 3000원(만 7세 이상 만 65세 미만),Y,숲속의집+휴양관,경상남도 거창군 가조면 의상봉길 834,경상남도 거창군청,055-940-7933,https://www.foresttrip.go.kr/indvz/main.do?hmpgId=ID02030109,35.73662049,128.0408983,2023-07-06,6480000,경상남도
오도산자연휴양림(합천),경상남도,공유림,2700000,780,개인 어른1000원+개인 군인청소년 700원+개인 어린이 300원+단체 어른700원+단체 군인청소년 500원+단체 어린이 200원,Y,숲속의집+휴양관,경상남도 합천군 봉산면 오도산휴양로 398,경상남도 합천군청,055-930-3733,https://www.foresttrip.go.kr/indvz/main.do?hmpgId=ID02030068,35.66904518,128.0538745,2023-07-06,6480000,경상남도
산삼휴양밸리(대봉캠핑랜드),경상남도,공유림,1458868,400,무료,Y,숲속의집+휴양관,경상남도 함양군 병곡면 원산지소길 192,경상남도 함양군청,055-963-2026,https://www.hygn.go.kr/daebongvalley.web,35.58818277,127.6790131,2023-07-06,6480000,경상남도
용지봉자연휴양림(김해),경상남도,국유림,584112,80,무료,Y,숲속의집+휴양관,경상남도 김해시 대청계곡길 170-36,산림청,055-326-0133,https://www.foresttrip.go.kr/indvz/main.do?hmpgId=0302,35.18540272,128.7754769,2023-07-06,6480000,경상남도
아세안자연휴양림,경기도,공유림,583880,500,일반(개인 1000원+단체 800원)+청소년(개인 600원+단체 500원)+어린이(개인 300원+단체200원),Y,숲속의집14동+안내센터+다목적광장 등,경기도 양주시 백석읍 기산로 472,산림청,031-871-2796,https://www.foresttrip.go.kr/indvz/main.do?hmpgId=0104,37.77382293,126.9421758,2023-11-30,5590000,경기도 양주시
장흥 자연휴양림,경기도,사유림,499000,300,무료,N,물놀이장+썰매장,경기도 양주시 장흥면 권율로 594,민간(㈜해성농림),070-7789-0414,http://www.fes-artvalley.com/,37.75816692,126.9685293,2023-11-30,5590000,경기도 양주시
서귀포자연휴양림,제주특별자치도,국유림,2550000,1500,어른 1000원+청소년 600원+어린이 300원+(단체)어른 800원+(단체)청소년 500원+(단체)어린이 200원,Y,숲속의집+산림휴양관+세미나실+야영장+생태탐방코스,제주특별자치도 서귀포시 1100로 882,제주특별자치도 서귀포시청,064-738-4544,https://www.foresttrip.go.kr/indvz/main.do?hmpgId=ID02030013,33.3115002,126.458761,2023-12-04,6520000,제주특별자치도 서귀포시
붉은오름자연휴양림,제주특별자치도,공유림,1900000,1500,어른 1000원+청소년·군인 600원+(단체)어른 800원+(단체)청소년·군인 500원,Y,숲속의집+산림문화휴양관+세미나실+오름등반로+야외공연장,제주특별자치도 서귀포시 표선면 남조로 1487-73,제주특별자치도 서귀포시청,064-760-3481,https://www.foresttrip.go.kr/indvz/main.do?hmpgId=ID02030014,33.401429,126.675671,2023-12-04,6520000,제주특별자치도 서귀포시
서귀포 치유의 숲,제주특별자치도,공유림,1740000,600,어른 1000원+청소년 600원+(단체)어른 800원+(단체)청소년 500원,N,치유숲길,제주특별자치도 서귀포시 산록남로 2271,제주특별자치도 서귀포시청,064-760-3067,https://seogwipo.go.kr/healing/index.htm,33.291941,126.527902,2023-12-04,6520000,제주특별자치도 서귀포시
안면도자연휴양림,충청남도,국유림,1350000,6000,일반 1000원+청소년 800원+군인 800원+어린이 400원,Y,전시관+수목원+숲속의집 등,충청남도 태안군 안면읍 안면대로3195-6,충청남도 산림환경연구소 휴양림관리사무소,041-674-5019,www.anmyonhuyang.go.kr,36.49670127,126.3588291,2024-01-02,4620000,충청남도 태안군
고대산자연휴양림,경기도,국유림,314000,189,어른 : 개인1000원/단체 800원+청소년·군인 : 개인 800원/단체 600원+어린이 : 개인 500원/단체 300원,Y,숲속의집 14동14실+산림휴양관 1동2층6실+숲속수련원 1동1실+방문자센터 1동2층 야영장데크 20개소,경기도 연천군 신서면 고대산길 84-79,경기도 연천군청,031-834-2200,https://godaesan.foresttrip.go.kr,38.21125391,127.1507058,2023-12-22,4140000,경기도 연천군
국립희리산해송자연휴양림,충청남도,국유림,1430000,500,개인(어른1000원+청소년600원+어린이300원)+단체(어른800원+청소년500원+어린이200원),Y,숲속의집+야영장+숲속수련장,충청남도 서천군 종천면 희리산길 206,국립자연휴양림관리소,041-953-2230,https://www.foresttrip.go.kr/indvz/main.do?hmpgId=0187,36.11262716,126.664181,2023-12-26,4580000,충청남도 서천군
생거진천자연휴양림,충청북도,공유림,2210000,184,무료,Y,산림문화휴양관+숲속의집12동+연립동+야영센터+관리사무소+유아숲체험원,충청북도 진천군 백곡면 명암길 435-135,충청북도 진천군청 산림축산과,043-539-3554,https://www.foresttrip.go.kr/indvz/main.do?hmpgId=ID02030033,36.923988,127.3902017,2023-12-21,4450000,충청북도 진천군
하추자연휴양림,강원도,공유림,880000,138,"객실(비수기 50000원, 성수기 70000원) / 데크(비수기 20000원, 성수기 30000원) / 입장료 : 무료",Y,숲속의집+야영장+휴양관,강원도 인제군 인제읍 하추로686,강원도 인제군 산림자원과,033-461-0056,https://www.foresttrip.go.kr/indvz/main.do?hmpgId=ID02030018,38.03469483,128.3193078,2023-05-18,4331000,강원특별자치도 인제군
치악산자연휴양림,강원도,공유림,1700000,120,일반(개인 2000+청소년 및 군인 1500+어린이 1000)+단체(어른 1500+청소년 및 군인 1000+어린이 700),Y,숲속의집+주차장+산책로,강원도 원주시 판부면 휴양림길 66,강원도 원주시청 산림과,033-762-8288,https://foresttrip.go.kr/indvz/main.do?hmpgId=ID02030024,37.255878,128.031372,2023-02-06,4191000,강원특별자치도 원주시
학가산우래자연휴양림,경상북도,사유림,1328133,220,성인3000+성인단체(20인이상)2000+청소년·어린이2000+청소년단체(20인이상)1000,Y,숲속의 집+산림휴양관,경상북도 예천군 보문면 휴양림길 210,(주)학가산자연휴양림개발,054-652-0114,http://www.hakasan.co.kr/,36.677929,128.592876,2023-09-08,5230000,경상북도 예천군
만인산자연휴양림,대전광역시,공유림,1850000,5000,무료,Y,"숲속교실,야외무대,목공체험장",대전광역시 동구 산내로 106,대전광역시 공원관리사업소,042-270-8655,http://www.daejeon.go.kr/par/index.do,36.2021806,127.4551104,2021-10-27,6300000,대전광역시
장태산자연휴양림,대전광역시,공유림,820000,6000,무료,Y,"생태연못,교과서식물원,산림문화휴양관",대전광역시 서구 장안로 461,대전광역시 공원관리사업소,042-270-7883,http://www.jangtaesan.or.kr/,36.21596742,127.3412777,2021-10-27,6300000,대전광역시
팔영산자연휴양림,전라남도,공유림,1870000,250,없음,Y,"숲속의집 12동, 산림문화휴양관 1동",전라남도 고흥군 영남면 팔영로 1347-418,고흥군청,061-830-5386,https://www.foresttrip.go.kr/indvz/main.do?hmpgId=ID02030069,34.62133127,127.4401371,2021-10-22,4880000,전라남도 고흥군
두루웰자연휴양림,강원도,공유림,1864000,100,"개인(일반1000, 청소년600, 어린이300)단체(일반 700, 청소년400, 어린이200)",Y,"숲속의집, 트리하우스, 캠핑장",강원도 철원군 갈말읍 지경1길 69,강원도 철원군청 녹색성장과,033-450-5198,www.foresttrip.go.kr,38.227936,127.353297,2021-10-21,4300000,강원도 철원군
군위장곡자연휴양림,대구광역시,공유림,2618706,300,일반어른1000원+일반청소년700원+일반군인700원+일반어린이500원+단체어른700원+단체청소년500원+단체군인500원+단체어린이500원,Y,숲속의 집+종합산막+산림문화휴양관+산림생태체험학습관+자생식물원+물놀이장,대구광역시 군위군 삼국유사면 장곡휴양림길 195,대구광역시 군위군청,054-380-6317,https://www.foresttrip.go.kr/indvz/main.do?hmpgId=ID02030064,36.129815,128.835924,2023-07-13,5140000,경상북도 군위군
양을산산림욕장,전라남도,공유림,150000,,무료,N,유아숲체험원+화장실+생태학습장+실내교육장,전라남도 목포시 양을로 397번길,전라남도 목포시청,061-270-8178,,34.8213604,126.4075568,2023-06-30,4800000,전라남도 목포시
밀양도래재자연휴양림,경상남도,공유림,524988,200,일반1000원+단체800원+청소년800원+단체600원+어린이500원+단체400원,Y,산림휴양관+숲속의집+야영데크+목공예센터+카페테리아+요가체험센터,경상남도 밀양시 단장면 도래재로 462,경상남도 밀양시,055-355-0200,,35.55632931,128.9390583,2023-07-12,5360000,경상남도 밀양시
수레의산자연휴양림,충청북도,공유림,890000,91,무료+숙박시설별도,Y,숙박시설+캠핑장+산책로+화장실 등,충청북도 음성군 생극면 차생로 310-108,충청북도 음성군,043-878-2013,www.eumseong.go.kr/forest,37.03888889,127.6513842,2023-07-12,4470000,충청북도 음성군
백야자연휴양림,충청북도,공유림,370000,210,무료+숙박시설별도,Y,숙박시설+캠핑장+물놀이장+산책로+화장실 등,충청북도 음성군 금왕읍 백야로 461-97,충청북도 음성군,043-878-2556,www.eumseong.go.kr/forest,36.95683951,127.6096488,2023-07-12,4470000,충청북도 음성군
절물자연휴양림,제주특별자치도,국유림,300,2000,일반1000원+청소년600원+어린이300원+단체일반800원+단체청소년500원+단체어린이200원,Y,휴양림+수련장+숙박등,제주특별자치도 제주시 명림로 584,제주특별자치도 제주시청,064-728-1510,https://www.foresttrip.go.kr/indvz/main.do?hmpgId=ID02030053,33.44004881,126.6252034,2023-07-06,6510000,제주특별자치도 제주시
춘천숲자연휴양림,강원도,공유림,808043,400,일반2000원+단체1500원,Y,숲속의집+산림휴양관+글램핑장,강원도 춘천시 동산면 종자리로 224-104,강원도 춘천시청,033-264-1156,www.ccforest.or.kr,37.747732,127.742503,2022-08-17,4180000,강원도 춘천시
송정자연휴양림,경상북도,공유림,636297,350,개인(성인 1000원+청소년·군인 700원+어린이 500원)+단체(성인 800원+청소년·군인 500원+어린이 300원),Y,숲속의집+휴양관+야영장+피크닉장 등,경상북도 칠곡군 석적읍 반계3길 88,경상북도 칠곡군청,054-979-6600,https://www.foresttrip.go.kr/indvz/main.do?hmpgId=ID02030076,36.02333423,128.4416412,2022-12-05,5220000,경상북도 칠곡군
성주봉자연휴양림,경상북도,공유림,2000000,229,숲속의집80000원+휴양관70000원+수련관100000원,Y,숲속의집+산림휴양관+산림수련관+야영장,경상북도 상주시 은척면 성주봉로 3,경상북도 상주시청,054-541-6512,https://www.foresttrip.go.kr/indvz/main.do?hmpgId=ID02030039,36.53359844,128.0407595,2022-12-05,5110000,경상북도 상주시
흑석산자연휴양림,전라남도,공유림,500000,700,1000,Y,숲속의집(객식)+유아숲체험원+족욕장+수변쉼터 등,전라남도 해남군 계곡면 산골길 306,전라남도 해남군청 산림공원과,061-530-5738,https://www.foresttrip.go.kr/indvz/main.do?hmpgId=ID02030045,34.67093468,126.6169967,2023-07-01,4930000,전라남도 해남군
백아산자연휴양림,전라남도,공유림,1000000,800,어른1000원+청소년600원+어린이400원,Y,다목적구장+물레방아+관리사무소+수련원+잔디광장+잔디광장(소)+체력단련장+계곡데크,전라남도 화순군 백아면 수양로 353,전라남도 화순군청,061-379-3738,https://www.foresttrip.go.kr/indvz/main.do?hmpgId=ID02030098,35.15137582,127.1671251,2023-07-25,4900000,전라남도 화순군
한천자연휴양림,전라남도,공유림,1480000,1000,어른1000원+청소년600원+어린이400원,Y,캠핑장+데크+잔디광장+정자+물썰매장,전라남도 화순군 한천면 죽헌로 719,전라남도 화순군청,061-379-3734,https://www.foresttrip.go.kr/indvz/main.do?hmpgId=ID02030088,34.98834125,127.0454803,2023-07-25,4900000,전라남도 화순군
영인산자연휴양림,충청남도,공유림,1230000,341,개인 어른 2000원+청소년 1500원+어린이 1000원+단체 어른 1600원+청소년 1200원+어린이 800원,Y,숲속의집+야영장+어드벤쳐시설,충청남도 아산시 영인면 아산온천로 16-26,아산시시설관리공단,041-538-1958,http://forest.asanfmc.or.kr,36.84059456,126.9500195,2023-07-21,4520000,충청남도 아산시
화왕산자연휴양림,경상남도,공유림,673000,150,[휴양관 4인실 : (비수기및주중)50000원+(성수기및주말)75000원]+[휴양관 8인실 : (비수기및주중)80000원+(성수기및주말)100000원]+[숲속의 집(7인실) : (비수기및주중)70000원+ (성수기및주말)90000원]+[숲속의 집(9인실) : (비수기및주중)100000원+(성수기및주말)120000원]+[야영데크 : (1박)15000원]+[주차료 : (경형)1000원+(중소형)2000원+(대형)3000원+(산림휴양관+숲속의 집 이용시) 면제],Y,산림휴양관+숲속의 집+야영데크,경상남도 창녕군 고암면 청간길 128-126,경상남도 창녕군산림조합,055-533-2332,https://www.foresttrip.go.kr/indvz/main.do?hmpgId=ID02030015,35.54697823,128.5673185,2023-07-23,5410000,경상남도 창녕군
국립신시도자연휴양림,전라북도,국유림,120000,932,입장료1000+주차료3000+숙박비73000,Y,방문자안내센터+커뮤니티센터+휴양관 2동(28실)+숲속의집 28동(28실)+해안탐방로+달맞이 화원+태양전망대+원형전망대,전라북도 군산시 옥도면 신시도길 271,국립자연휴양림관리소,063-464-5580,https://foresttrip.go.kr/indvz/main.do?hmpgId=0301,35.82815579,126.4468419,2023-12-12,4670000,전라북도 군산시
산수유자연휴양림,전라남도,공유림,340144,173,1000,Y,세미나실+숙박시설,전라남도 구례군 산동면 정산길 251,전라남도 구례군청,061-780-8016,https://www.foresttrip.go.kr/,35.3009035312,127.4626986897,2023-11-30,4870000,전라남도 구례군
민주지산자연휴양림,충청북도,공유림,1800000,394,어른 1000원+청소년 500원+어린이 300원,N,"버섯동+생화동+국악동+식당+황토방+황토찝질방+학습관+너와집+산림문화휴양관1,2층 세미나실+치유숙소6개소+치유센터+진료동+치유센터치유동+야외 치유시설+야영장+족구장 등",충청북도 영동군 용화면 휴양림길 60,충청북도 영동군청 산림과,043-740-3437,https://www.foresttrip.go.kr/indvz/main.do?hmpgId=ID02030107,36.05313182,127.8243888,2023-12-26,4440000,충청북도 영동군
세심자연휴양림,전라북도,공유림,101.45,69,0,Y,숲속의집,전라북도 임실군 삼계면 임삼로 485,전라북도 임실군청,063-644-4611,https://site.onda.me/69138,35.514241,127.240066,2023-12-04,4760000,전라북도 임실군
성수산자연휴양림,전라북도,공유림,135,119,0,Y,자연휴양관,전라북도 임실군 성수면 성수산길 374,전라북도 임실군청,,,35.63771849,127.4078502,2023-12-04,4760000,전라북도 임실군
미숭산자연휴양림,경상북도,공유림,358000,112,무료,Y,숲속의집+산림문화휴양관,경상북도 고령군 대가야읍 낫질로 672-99,경상북도 고령군,054-950-7407,https://misungsan.foresttrip.go.kr,35.75077545,128.2028394,2023-12-06,5200000,경상북도 고령군
사천 케이블카 자연휴양림,경상남도,공유림,394000,250,어른(개인 1000원+단체 800원)+청소년·군인(개인 700원+단체 500원)+어린이(개인 400원+단체 200원),Y,숲속의집+휴양관+야영장+야영센터+어린이 물놀이장+숲놀이터+숲속 산책로,경상남도 사천시 실안길 242-45,경상남도 사천시청 녹지공원과,055-835-9524,https://www.foresttrip.go.kr/indvz/main.do?hmpgId=ID02030112,34.95016897,128.0576108,2023-11-30,5340000,경상남도 사천시
문수산 산림욕장,경기도,공유림,25000,250,주차료(1000~5000원),N,숲길+산림욕장,경기도 김포시 월곶면 문수산로 102-38,김포도시관리공사,031-988-2965,https://www.guc.or.kr/facility/park_moonsoosan.asp,37.737829,126.5308885,2023-12-05,4090000,경기도 김포시
바라산자연휴양림,경기도,공유림,2130953,470,무료,Y,숲속의집+야영장+치유의숲+체험의숲+산림문화휴양관,경기도 의왕시 바라산로 84,경기도 의왕시청+의왕도시공사,031-8086-7482,barasan.foresttrip.go.kr/,37.37310185,127.0193147,2023-12-02,4030000,경기도 의왕시
변산자연휴양림,전북특별자치도,국유림,311000,250,숙박비 52000원+154000원,Y,숲속의집+휴양관+체험교실+물놀이장(현재 미운영),전북특별자치도 부안군 변산면 변산로 3768,국립자연휴양림관리소,063-581-9977,https://www.foresttrip.go.kr/indvz/main.do?hmpgId=0189,35.58287781,126.523728,2024-01-22,4791000,전북특별자치도 부안군
데미샘자연휴양림,전북특별자치도,공유림,200000,131,무료,Y,휴양관+숲속의집+숲문화마당+명상의숲 등,전북특별자치도 진안군 백운면 데미샘 1길 172,전북특별자치도 산림환경연구소,063-290-6992,https://www.foresttrip.go.kr/indvz/main.do?hmpgId=ID02030074,35.656988,127.461036,2024-01-24,6540000,전북특별자치도
간월자연휴양림,울산광역시,사유림,597890,200,주중10~20만원+주말15~30만원,Y,관리실+수영장+연수원,울산광역시 울주군 상북면 등억알프스로 607-15,천광디엔씨,052-263-6644,https://www.forest.go.kr/kfsweb/kfi/kfs/foreston/main/contents/CmpngInfo/selectCmpngInfoList.do?mn=NKFS_03_01_01_02_04&restTpcd=01&restMngmeMnbdCd=003,35.5670959,129.0560416,2024-01-02,3730000,울산광역시 울주군
남해편백자연휴양림,경상남도,국유림,2270000,1000,성인 1000원,Y,생태숲+숲속의집 등,경상남도 남해군 삼동면 금암로 658,함양국유림관리소,055-867-7881,www.foresttrip.go.kr/indvz/main.do?hmpgId=0192,34.75216391,128.0201316,2023-05-02,5430000,경상남도 남해군
월아산자연휴양림(진주),경상남도,공유림,960027,175,무료,Y,숲속의집+휴양관,경상남도 진주시 진성면 달음산로 313,경상남도 진주시청,055-746-3673,https://www.foresttrip.go.kr/indvz/main.do?hmpgId=ID02030114,35.199915,128.1941257,2023-07-06,6480000,경상남도
사천케이블카자연휴양림(사천),경상남도,공유림,394894,250,개인 어른1000원+개인 청소년군인 700원+개인 어린이 400원+단체 어른800원+단체 청소년군인 500원+단체 어린이 200원,Y,숲속의집+휴양관,경상남도 사천시 실안길 242-45,경상남도 사천시청,055-835-9526,https://www.foresttrip.go.kr/indvz/main.do?hmpgId=ID02030112,34.95015858,128.0583444,2023-07-06,6480000,경상남도
도래재자연휴양림(밀양),경상남도,공유림,524988,200,무료,Y,숲속의집+휴양관,경상남도 밀양시 단장면 도래재로 462,경상남도 밀양시청,055-355-0200,https://www.foresttrip.go.kr/indvz/main.do?hmpgId=ID02030115,35.55632931,128.9390583,2023-07-06,6480000,경상남도
거제자연휴양림(거제),경상남도,공유림,329490,505,개인 어른1000원+개인 청소년군인 700원+개인 어린이 500원+단체 어른700원+단체 청소년군인 500원+단체 어린이 300원,Y,숲속의집+휴양관,경상남도 거제시 동부면 거제중앙로 325,경상남도 거제시 거제해양관광개?u공사,055-639-8115,https://www.foresttrip.go.kr/indvz/main.do?hmpgId=ID02030059,34.78569918,128.6259431,2023-07-06,6480000,경상남도
대운산자연휴양림(양산),경상남도,공유림,2143930,87,무료,Y,숲속의집+휴양관,경상남도 양산시 탑골길 270,경상남도 양산시 양산시설관리공단,055-379-8670,https://www.foresttrip.go.kr/indvz/main.do?hmpgId=ID02030038,35.41785462,129.2088998,2023-07-06,6480000,경상남도
자굴산자연휴양림(의령),경상남도,공유림,2282300,209,무료,Y,숲속의집+휴양관,경상남도 의령군 가례면 자굴산휴양로?23,경상남도 의령군청,055-570-0030,https://www.foresttrip.go.kr/indvz/main.do?hmpgId=ID02030113,35.37763031,128.2089972,2023-07-06,6480000,경상남도
생거진천자연휴양림,충청북도,공유림,2210181,170,무료,Y,숲속의집+산림문화유양관+연립동+식당+세미나실+숲속야영장,충청북도 진천군 백곡면 명암길 435-135,충청북도 진천군청,043-539-3551,,36.92399609,127.3902346,2023-08-01,6430000,충청북도
성불산자연휴양림,충청북도,공유림,581037,302,무료,Y,숲속의집+산림문화휴양관+한옥체험관+숲속캠핑장+세미나실+동화의숲+미선향테마파크+생태공원+생태숲학습관,충청북도 괴산군 괴산읍 충민로기곡길 78,충청북도 괴산군청,043-830-2679,,36.80804701,127.8467688,2023-08-01,6430000,충청북도
수레의산자연휴양림,충청북도,공유림,890000,144,무료,Y,숲속의집+야영데크+오토캠핑장,충청북도 음성군 생극면 차생로 310-108,충청북도 음성군청,043-878-2013,,37.03888915,127.6513855,2023-08-01,6430000,충청북도
백야자연휴양림,충청북도,공유림,370000,310,무료,Y,숲속의집+휴양관+복합산막+오토캠핑장,충청북도 음성군 금왕읍 백야로 461-97,충청북도 음성군청,043-878-2556,,36.95683852,127.6096498,2023-08-01,6430000,충청북도
소선암자연휴양림,충청북도,공유림,633137,312,무료,Y,숲속의집+산림복합휴양관+산림문화휴양관+백두대간문화휴양관+통나무집+온열테라피+백두대간목재체험관,충청북도 단양군 단성면 대잠2길 15,충청북도 단양군청(단양관광공사),043-422-7839,,36.91922142,128.3123127,2023-08-01,6430000,충청북도
소백산자연휴양림,충청북도,공유림,1899046,236,무료,Y,숲속의집+산림문화휴양관+정감록명당체험마을(숙소)+다목적구장+단양승마장(예약)+명당체험관+북카페+야외바비큐장+전시실+세미나실,충청북도 단양군 영춘면 하리방터길 180,충청북도 단양군청(단양관광공사),043-423-3117,,37.06069296,128.4673084,2023-08-01,6430000,충청북도
조령산자연휴양림,충청북도,공유림,7662350,246,무료,Y,백두대간생태교육장+매점+물놀이장+숲속의집+복합휴양관+무궁화관,충청북도 괴산군 연풍면 새재로 1795,충청북도 산림환경연구소,043-833-7994,,36.81234006,128.0462438,2023-08-01,6430000,충청북도
구름산산림욕장,경기도,국유림,3000000,300,무료,N,피크닉장+황토길+세족장+야외소공연장+놀이시설,경기도 광명시 하안동 산141-7,경기도 광명시청,02-2680-2377,http://www.gm.go.kr/pt/user/bbs/BD_selectBbs.do?q_bbsCode=2298&q_bbscttSn=20190218155830749,37.454013,126.876365,2023-08-28,3900000,경기도 광명시
신안자연휴양관,전라남도,국유림,131205,,무료,Y,"산림휴양관, 관리동, 산책로, 캠핑장 등",전라남도 신안군 자은면 자은서부2길 508-77,전라남도 신안군청,061-240-3265,https://tour.shinan.go.kr/home/tour/theme_tour/theme_tour_17/theme_tour_17_04/page.wscms,34.87971569,125.9954724,2023-11-09,5010000,전라남도 신안군
데미샘자연휴양림,전라북도,공유림,200000,131,무료,Y,휴양관+숲속의집+숲문화마당+명상의숲 등,전라북도 진안군 백운면 데미샘 1길 172,전라북도 산림환경연구소,063-290-6992,https://www.foresttrip.go.kr/indvz/main.do?hmpgId=ID02030074,35.656988,127.461036,2023-10-30,6450000,전라북도
고산자연휴양림,전라북도,공유림,6920000,3000,일반2000+단체1500,Y,숲속의집+돔하우스+가족휴양관+웰빙휴양관+산림휴양관,전라북도 완주군 고산면 고산휴양림로 246,전라북도 완주군청 산림녹지과,063-263-8680,https://www.foresttrip.go.kr/indvz/main.do?hmpgId=ID02030025,35.96224205,127.2328719,2023-12-26,4720000,전라북도 완주군
여수봉황산자연휴양림,전라남도,공유림,2290000,230,0,Y,숲속의집+야영장 등,전라남도 여수시 돌산읍 대복길160,전라남도 여수시청,061-643-9180,https://www.foresttrip.go.kr/indvz/main.do?hmpgId=ID02030097,34.61470237,127.7617999,2024-03-08,4810000,전라남도 여수시
데미샘자연휴양림,전북특별자치도,공유림,200,107,무료,Y,휴양관+숲속의집+숲문화마당+명상의숲 등,전북특별자치도 진안군 백운면 데미샘 1길 172,전북특별자치도 산림환경연구소,063-290-6993,https://www.foresttrip.go.kr/indvz/main.do?hmpgId=ID02030074,35.6569938,127.4610402,2024-01-22,4731000,전북특별자치도 진안군
운장산자연휴양림,전북특별자치도,국유림,1958,600,일반인(개인 1000+단체 800)+청소년(개인 600+단체 500)+어린이(개인 300+단체 200),Y,숲속의집+연립동+산림문화휴양관+숲속수련관,전북특별자치도 진안군 정천면 휴양림길 77,무주국유림관리소,063-432-1193,https://www.foresttrip.go.kr/indvz/main.do?hmpgId=0194,35.89924607,127.4211096,2024-01-22,4731000,전북특별자치도 진안군
광치자연휴양림,강원특별자치도,공유림,51000,160,3000원,Y,"숲속의집, 휴양관, 숲속카페,무장애나눔길",강원특별자치도 양구군 국토정중앙면 광치령로 1794번길 265,강원특별자치도 양구군청,033-482-3115,http://www.foresttrip.go.kr,38.14199686,128.0710755,2024-03-06,4321000,강원특별자치도 양구군
동두천자연휴양림,경기도,공유림,700000,1000,성인2000+청소년군인1500+아동1000,Y,숲속의집+야외데크+치유의숲+유아숲체험원,경기도 동두천시 탑동가산로 1,경기도 동두천시청 관광휴양과,031-860-3256,https://blog.naver.com/ddcforest,37.88988548,127.1371472,2023-12-18,3920000,경기도 동두천시
금강자연휴양림,충청남도,공유림,1840000,226,1500,Y,숲속의 집+휴양관+야영장,세종특별자치시 금남면 산림박물관길110,산림자원연구소,041-635-7400,keumkang.chungnam.go.kr,36.43769938,127.2327429,2023-12-15,6440000,충청남도
횡성자연휴양림,강원도,사유림,498263,300,숙박시설 이용객만 입장 가능(별도입장료 : 없음),Y,"숲속의집, 산림문화휴양관",강원도 횡성군 갑천면 정포로 430번길 113,사유휴양림(대표 : 이호준),033-343-3392,http://www.hsrf.co.kr,37.53904383,128.1118525,2022-06-22,4260000,강원도 횡성군
반딧불 자연휴양림,전라북도,공유림,31110,300,무료,Y,통나무집+목교+평상+평의자,전라북도 무주군 설천면 무설로 1324,전라북도 무주군청 시설사업소,063-320-5666,https://tour.muju.go.kr/bandiland/contents.do?key=399,36.0124904721,127.7611880914,2023-03-07,4740000,전라북도 무주군
강화군 석모도자연휴양림,인천광역시,공유림,1283632,208,개인일반1000원+청소년군인800원+어린이500원+단체일반 800원+청소년군인600원+어린이300원,Y,숲속의 집+산림문화휴양관+족구장 등,인천광역시 강화군 삼산면 삼산서로 39-75,인천광역시 강화군청 산림공원과,032-932-1100,forest.ganghwa.go.kr,37.69963904,126.3154373,2023-03-17,3570000,인천광역시 강화군
강화군 티앤림 자연휴양림,인천광역시,사유림,320941,40,현재무료+이용료+집라인38000원+어드벤쳐22000원+패키지50000원,Y,숲속의집+집라인+어드벤쳐,인천광역시 강화군 불은면 중앙로 546-34,기전산업,032-937-7481,www.tianlim.co.kr,37.71482742,126.453839,2023-03-17,3570000,인천광역시 강화군
태백고원자연휴양림,강원특별자치도,국유림,1404000,110,2000원,Y,산림문화휴양관+숲속의 집+야영장,강원특별자치도 태백시 머리골길153,태백시농업기술센터 산림축산과,033-550-2849,https://www.foresttrip.go.kr/indvz/main.do?hmpgId=ID02030022,37.12357654,129.0603832,2023-08-31,4221000,강원특별자치도 태백시
불갑사 관광휴양단지,전라남도,사유림,106300,200,무료,Y,관광지+힐링컨벤션센터,전라남도 영광군 불갑면 자비길 51-38,전라남도 영광군청,061-353-4476,glory-healing.com,35.202988,126.5367799663,2023-08-18,4970000,전라남도 영광군
구수곡자연휴양림,경상북도,공유림,2000000,950,유료,Y,숲속의 집,경상북도 울진군 북면 십이령로 2721,경상북도 울진군청,054-783-2241,https://www.foresttrip.go.kr,37.06212162,129.2929279,2023-07-31,5250000,경상북도 울진군
평창자연휴양림,강원특별자치도,공유림,540000,80,일반2000원+단체1500원,Y,숙박동+세미나실+운동장+산책로,강원특별자치도 평창군 봉평면 팔송로 285,강원특별자치도 평창군청 산림과,033-339-9028,https://www.foresttrip.go.kr/indvz/main.do?hmpgId=ID02030003,37.609548,128.303521,2023-07-31,4281000,강원특별자치도 평창군
와룡자연휴양림,전라북도,공유림,576219,1200,무료,Y,삼림욕장+숙박시설+야영데크+야영장+산행코스+물썰매장+수영장+치유의숲,전라북도 장수군 천천면 비룡로 632,전라북도 장수군청 산림과,063-350-2477,https://www.foresttrip.go.kr/indvz/main.do?hmpgId=ID02030084,35.67621885,127.4772179,2023-08-08,4750000,전라북도 장수군
방화동가족휴가촌,전라북도,공유림,250000,700,무료,Y,오토캠핑장+야영장+모험놀이장+가족놀이장+체육광장,전라북도 장수군 번암면 방화동로 778,전라북도 장수군청 산림과,063-350-2474,https://www.foresttrip.go.kr/indvz/main.do?hmpgId=ID02030082,35.59064044,127.5268764,2023-08-08,4750000,전라북도 장수군
방화동자연휴양림,전라북도,공유림,1016000,200,무료,Y,숲속의집+산림문화휴양관+수련관,전라북도 장수군 번암면 방화동로 778,전라북도 장수군청 산림과,063-350-2474,https://www.foresttrip.go.kr/indvz/main.do?hmpgId=ID02030082,35.59064044,127.5268764,2023-08-08,4750000,전라북도 장수군
운주산승마자연휴양림,경상북도,공유림,733932,298,무료,Y,숲속의집+야영데크+다목적구장+세미나실,경상북도 영천시 임고면 승마휴양림길 105,경상북도 영천시청,054-330-6287,https://www.foresttrip.go.kr/indvz/main.do?hmpgId=ID02030081,36.03510258,128.996734,2023-11-14,5100000,경상북도 영천시
보현산자연휴양림,경상북도,공유림,51954,200,무료,Y,숲속의집+산림문화휴양관+야영데크+세미나실+다목적구장+하늘광장+출렁다리+어린이놀이터+우주광장,경상북도 영천시 화북면 배나무정길 334,경상북도 영천시청,054-336-6618,https://bhforest.foresttrip.go.kr,36.14210706,128.9781098,2023-11-14,5100000,경상북도 영천시
금산산림문화타운,충청남도,공유림,316,3000,없음,Y,숲속의집+생태체험학습장+야영장+캠핑장 등,충청남도 금산군 남이면 느티골길 200,충청남도 금산군청,041-753-5706,https://gsforesttown.foresttrip.go.kr,36.06776064,127.3690934,2023-11-13,4550000,충청남도 금산군
진산자연휴양림,충청남도,사유림,137,350,없음,Y,숲속의집+산책로+캠핑장+글램핑장+짚핑,충청남도 금산군 진산면 대둔산로 6,진산자연휴양림,041-753-4242,www.ijinsan.co.kr,36.12303243,127.3441498,2023-11-13,4550000,충청남도 금산군
서대산약용자연휴양림,충청남도,사유림,29,500,없음,Y,산야초체험장+산약초음식점+숲속의집,충청남도 금산군 추부면 홍골1길 132,서대산약용자연휴양림,041-753-2222,www.sedaesan.modoo.at,36.22268671,127.5258197,2023-11-13,4550000,충청남도 금산군
심천치유자연휴양림,충청남도,사유림,700,200,없음,Y,숲속의집+야영장+캠핑장 등,충청남도 금산군 남일면 신동길 239,심천치유자연휴양림,041-752-8300,www.simcheon.kr,35.99504733,127.4849511,2023-11-13,4550000,충청남도 금산군
수도산 자연휴양림,경상북도,공유림,590445,206,0,Y,숲속의집+힐하우스+숲속휴양관+숲속수련관,경상북도 김천시 대덕면 증산로 326-71,경상북도 김천시청,054-435-5128,https://www.foresttrip.go.kr/indvz/main.do?hmpgId=ID02030030,35.8918024,127.9838463,2023-11-10,5060000,경상북도 김천시
국립방장산자연휴양림,전라남도,국유림,3730000,1000,없음,N,치유의숲+치유센터+전망대 등,전라남도 장성군 서삼면 추암로 716,국립장성숲체원,061-393-1777,https://sooperang.or.kr/indvz/main.do?hmpgId=FA00002,35.3688012,126.7314612,2023-11-12,4980000,전라남도 장성군
방장산자연휴양림,전라남도,국유림,70000,500,일반 1000원+단체 800원,Y,숲속의 집+산림문화휴양관+세미나실+숲속공예마을(체험) 등,전라남도 장성군 북이면 방장로 353,국립자연휴양림관리소,061-394-5523,https://www.foresttrip.go.kr/indvz/main.do?hmpgId=0181,35.44405218,126.7514053,2023-11-12,4980000,전라남도 장성군
봉수산자연휴양림,충청남도,공유림,948780,171,무료,Y,숲속의집+산림문화휴양관,충청남도 예산군 대흥면 임존성길 153,충청남도 예산군청,041-339-8936,https://www.foresttrip.go.kr/indvz/main.do?hmpgId=ID02030028,36.59844872,126.7808937,2023-12-18,4610000,충청남도 예산군
공주산림휴양마을,충청남도,공유림,518270,250,무료,Y,숲속의집+휴양관+야영장+목재문화체험장,충청남도 공주시 수원지공원길 222,충청남도 공주시청,041-855-0855,http://jumisan.gongju.go.kr,36.42442578,127.1193201,2022-11-22,4500000,충청남도 공주시
두루웰자연휴양림,강원도,공유림,1864000,100,"개인(일반1000, 청소년600, 어린이300)단체(일반 700, 청소년400, 어린이200)",Y,"숲속의집, 트리하우스, 캠핑장",강원도 철원군 갈말읍 지경1길 69,강원도 철원군청 녹색성장과,033-450-5198,www.foresttrip.go.kr,38.227936,127.353297,2021-10-21,4301000,강원특별자치도 철원군
옥화자연휴양림,충청북도,공유림,1364921,244,어른1000원+청소년500원+어린이300원+군인500원+지역주민500원,Y,숲속의집+산림휴양관+숲속놀이터+물놀이장+족구장+오토캠핑장+다목적실,충청북도 청주시 상당구 미원면 운암옥화길 140,충청북도 청주시청(청주시시설관리공단),043-270-7381,,36.59895012,127.6943716,2023-08-01,6430000,충청북도
문성자연휴양림,충청북도,공유림,566569,180,무료,Y,숲속의집+야영장+단체숙소+등산로+족구장,충청북도 충주시 노은면 우성1길 191,충청북도 충주시청(충주시시설관리공단),043-850-7911,,37.02832602,127.7525217,2023-08-01,6430000,충청북도
봉황자연휴양림,충청북도,공유림,1720000,176,무료,Y,숲속의집+야영장+단체숙소+족구장+산책로,충청북도 충주시 중앙탑면 수룡봉황길 540,충청북도 충주시청(충주시시설관리공단),043-850-7920,,37.05652228,127.8297465,2023-08-01,6430000,충청북도
계명산자연휴양림,충청북도,공유림,3630791,149,무료,Y,숲속의집+가족호텔+조리실+힐링푸드+세미나실,충청북도 충주시 충주호수로 1170,충청북도 충주시청(충주시시설관리공단),043-850-7930,,36.97931793,127.9950865,2023-08-01,6430000,충청북도
박달재자연휴양림,충청북도,공유림,1700000,136,무료,Y,숲속의집+복합산막+야영장+족구장+산책로+등산로,충청북도 제천시 백운면 금봉로 223,충청북도 제천시청,043-652-0910,,37.14806356,128.045293,2023-08-01,6430000,충청북도
옥전자연휴양림,충청북도,공유림,1090000,42,무료,Y,숲속의집+농산물판매장 등,충청북도 제천시 봉양읍 옥전길 195,충청북도 제천시청,043-641-6893,,37.174689,128.089444,2023-08-01,6430000,충청북도
충북알프스자연휴양림,충청북도,공유림,902058,287,무료,Y,숲속의집+산림문화휴양관+수영장+세미나실+식당+어린이놀이터,충청북도 보은군 산외면 속리산로 1880,충청북도 보은군청,043-543-1472,,36.57319259,127.7858718,2023-08-01,6430000,충청북도
속리산숲체험휴양마을,충청북도,공유림,1100000,268,무료,Y,숲속의집+통나무집+도서관+세미나실+회의실+식당+식당+숲속수영장+찜질방+숲속공연장+산나물체험장+산책로,충청북도 보은군 속리산면 속리산로 596,충청북도 보은군청,043-540-3220,,36.49245548,127.7924743,2023-08-01,6430000,충청북도
장령산자연휴양림,충청북도,공유림,2008003,437,무료,Y,숲속의집+산림문화휴양관+숲속수련장+대회의실+다목적실+강의실+열치유실+물치유실+야영장+단체식당+전용테라스+야외음악당,충청북도 옥천군 군서면 장령산로 519,충청북도 옥천군청,043-730-3491,,36.24486737,127.5547497,2023-08-01,6430000,충청북도
민주지산자연휴양림,충청북도,공유림,1800000,352,어른1000원+청소년500원+군인800원+어린이300원,N,숲속의집(23년 리모델링으로 숙소예약 중지)+연립동+휴양관+야영데크+세미나실+식당,충청북도 영동군 용화면 휴양림길 60,충청북도 영동군청,043-740-3437,,36.05313182,127.8243888,2023-08-01,6430000,충청북도
좌구산자연휴양림,충청북도,공유림,730000,251,무료,Y,숲속의집+황토집+별무리하우스+병영하우스+율리휴양촌+오토캠핑장+족구장,충청북도 증평군 증평읍 솟점말길 107,충청북도 증평군청,043-835-4581,,36.70556821,127.6511216,2023-08-01,6430000,충청북도
횡성자연휴양림,강원도,사유림,498263,300,숙박시설 이용객만 입장 가능(별도입장료 : 없음),Y,"숲속의집, 산림문화휴양관",강원도 횡성군 갑천면 정포로 430번길 113,사유휴양림(대표 : 이호준),033-343-3392,http://www.hsrf.co.kr,37.53904383,128.1118525,2022-06-22,4261000,강원특별자치도 횡성군
주천강자연휴양림,강원도,사유림,2296100,400,숙박시설 이용객만 입장 가능(별도입장료 : 없음),Y,"숲속마을, 산골마을, 강변마을, 숲속학교, 황토별장",강원도 횡성군 둔내면 강변로 영랑6길 115,사유휴양림(대표 : 김문기),033-345-7575,http://jucheon.com/,37.4606019,128.2034233,2022-06-22,4261000,강원특별자치도 횡성군
숲체원,강원도,국유림,159710,300,별도 입장료 없음,Y,"탐방로, 숙박동, 강의실",강원도 횡성군 둔내면 청태산로 777,산림청,033-340-6300,https://hoengseong.fowi.or.kr/,37.53722046,128.2866886,2022-06-22,4261000,강원특별자치도 횡성군
청태산휴양림,강원도,국유림,159520,1500,일반 : 1000원+청소년 : 600원+어린이 : 300원,Y,"제1산림문화휴양관, 제2산림문화휴양관, 숲속의집, 숲속수련장(중형, 소형), 대형숲속수영장(회의실), 야영장, 인도네시아 전통 전시관, 숲생태체험실, BIY목공교실",강원도 횡성군 둔내면 청태산로 610,산림청,033-343-9707,https://www.foresttrip.go.kr/indvz/main.do?hmpgId=0106,37.52907993,128.2968658,2022-06-22,4261000,강원특별자치도 횡성군
